case,variant,threads,median_ns,samples
gemm_batched_000_f64,plan_plan,8,1530,5
gemm_batched_000_f64,plan_exec,8,68841932,5
gemm_batched_000_f64,packed_plan,8,45942,5
gemm_batched_000_f64,packed_exec,8,77198615,5
gemm_batched_001_f64,plan_plan,8,108183335,5
gemm_batched_001_f64,plan_exec,8,92975517,5
gemm_batched_001_f64,packed_plan,8,108150234,5
gemm_batched_001_f64,packed_exec,8,100440700,5
gemm_batched_002_f64,plan_plan,8,1256848,5
gemm_batched_002_f64,plan_exec,8,39080952,5
gemm_batched_002_f64,packed_plan,8,466798,5
gemm_batched_002_f64,packed_exec,8,45048832,5
gemm_batched_003_f64,plan_plan,8,3828867,5
gemm_batched_003_f64,plan_exec,8,81210464,5
gemm_batched_003_f64,packed_plan,8,1502378,5
gemm_batched_003_f64,packed_exec,8,80508536,5
gemm_batched_004_f64,plan_plan,8,1780,5
gemm_batched_004_f64,plan_exec,8,103799640,5
gemm_batched_004_f64,packed_plan,8,72032,5
gemm_batched_004_f64,packed_exec,8,108091891,5
gemm_batched_005_f64,plan_plan,8,1600,5
gemm_batched_005_f64,plan_exec,8,133843487,5
gemm_batched_005_f64,packed_plan,8,90663,5
gemm_batched_005_f64,packed_exec,8,131703322,5
gemm_batched_006_f64,plan_plan,8,2070,5
gemm_batched_006_f64,plan_exec,8,98322035,5
gemm_batched_006_f64,packed_plan,8,67502,5
gemm_batched_006_f64,packed_exec,8,149728051,5
gemm_batched_007_f64,plan_plan,8,117205,5
gemm_batched_007_f64,plan_exec,8,31423751,5
gemm_batched_007_f64,packed_plan,8,82742,5
gemm_batched_007_f64,packed_exec,8,31963739,5
gemm_batched_008_f64,plan_plan,8,369283,5
gemm_batched_008_f64,plan_exec,8,54168418,5
gemm_batched_008_f64,packed_plan,8,381993,5
gemm_batched_008_f64,packed_exec,8,60146344,5
gemm_batched_009_c64,plan_plan,8,940,5
gemm_batched_009_c64,plan_exec,8,6461574,5
gemm_batched_009_c64,packed_plan,8,17841,5
gemm_batched_009_c64,packed_exec,8,7469138,5
gemm_batched_010_f64,plan_plan,8,122564,5
gemm_batched_010_f64,plan_exec,8,13426575,5
gemm_batched_010_f64,packed_plan,8,122384,5
gemm_batched_010_f64,packed_exec,8,13361702,5
gemm_batched_011_f64,plan_plan,8,661573,5
gemm_batched_011_f64,plan_exec,8,41723601,5
gemm_batched_011_f64,packed_plan,8,318211,5
gemm_batched_011_f64,packed_exec,8,42479317,5
gemm_batched_012_f64,plan_plan,8,48582,5
gemm_batched_012_f64,plan_exec,8,53470165,5
gemm_batched_012_f64,packed_plan,8,33891,5
gemm_batched_012_f64,packed_exec,8,29550200,5
gemm_batched_013_f64,plan_plan,8,1337426,5
gemm_batched_013_f64,plan_exec,8,39191311,5
gemm_batched_013_f64,packed_plan,8,542069,5
gemm_batched_013_f64,packed_exec,8,39695048,5
gemm_batched_014_f64,plan_plan,8,1560,5
gemm_batched_014_f64,plan_exec,8,8068677,5
gemm_batched_014_f64,packed_plan,8,25491,5
gemm_batched_014_f64,packed_exec,8,8089899,5
gemm_batched_015_f64,plan_plan,8,91235,5
gemm_batched_015_f64,plan_exec,8,28004722,5
gemm_batched_015_f64,packed_plan,8,59393,5
gemm_batched_015_f64,packed_exec,8,31590144,5
gemm_batched_016_f64,plan_plan,8,970546,5
gemm_batched_016_f64,plan_exec,8,17173581,5
gemm_batched_016_f64,packed_plan,8,350846,5
gemm_batched_016_f64,packed_exec,8,13195931,5
gemm_batched_017_f64,plan_plan,8,43762,5
gemm_batched_017_f64,plan_exec,8,9922342,5
gemm_batched_017_f64,packed_plan,8,29331,5
gemm_batched_017_f64,packed_exec,8,9658600,5
gemm_batched_018_f64,plan_plan,8,4075466,5
gemm_batched_018_f64,plan_exec,8,24613844,5
gemm_batched_018_f64,packed_plan,8,1536756,5
gemm_batched_018_f64,packed_exec,8,24708898,5
gemm_batched_019_f64,plan_plan,8,3409417,5
gemm_batched_019_f64,plan_exec,8,5846391,5
gemm_batched_019_f64,packed_plan,8,1608759,5
gemm_batched_019_f64,packed_exec,8,12871673,5
gemm_batched_020_f64,plan_plan,8,92234,5
gemm_batched_020_f64,plan_exec,8,6047662,5
gemm_batched_020_f64,packed_plan,8,46732,5
gemm_batched_020_f64,packed_exec,8,4021551,5
gemm_batched_021_f64,plan_plan,8,52162,5
gemm_batched_021_f64,plan_exec,8,2860944,5
gemm_batched_021_f64,packed_plan,8,33201,5
gemm_batched_021_f64,packed_exec,8,2454568,5
gemm_batched_022_f64,plan_plan,8,10413911,5
gemm_batched_022_f64,plan_exec,8,8703963,5
gemm_batched_022_f64,packed_plan,8,3663665,5
gemm_batched_022_f64,packed_exec,8,7194234,5
gemm_batched_023_f64,plan_plan,8,422707,5
gemm_batched_023_f64,plan_exec,8,29377588,5
gemm_batched_023_f64,packed_plan,8,203118,5
gemm_batched_023_f64,packed_exec,8,24177575,5
gemm_batched_024_f64,plan_plan,8,1140,5
gemm_batched_024_f64,plan_exec,8,8617325,5
gemm_batched_024_f64,packed_plan,8,42652,5
gemm_batched_024_f64,packed_exec,8,8192878,5
gemm_batched_025_f64,plan_plan,8,133225,5
gemm_batched_025_f64,plan_exec,8,7415247,5
gemm_batched_025_f64,packed_plan,8,82504,5
gemm_batched_025_f64,packed_exec,8,6810723,5
gemm_batched_026_f64,plan_plan,8,11151180,5
gemm_batched_026_f64,plan_exec,8,4823696,5
gemm_batched_026_f64,packed_plan,8,4268925,5
gemm_batched_026_f64,packed_exec,8,4156030,5
gemm_batched_027_f64,plan_plan,8,37211,5
gemm_batched_027_f64,plan_exec,8,6897552,5
gemm_batched_027_f64,packed_plan,8,42862,5
gemm_batched_027_f64,packed_exec,8,6836429,5
gemm_batched_028_f64,plan_plan,8,38341,5
gemm_batched_028_f64,plan_exec,8,4064384,5
gemm_batched_028_f64,packed_plan,8,44111,5
gemm_batched_028_f64,packed_exec,8,3958470,5
gemm_batched_029_f64,plan_plan,8,2228594,5
gemm_batched_029_f64,plan_exec,8,2745202,5
gemm_batched_029_f64,packed_plan,8,1020438,5
gemm_batched_029_f64,packed_exec,8,2267245,5
gemm_batched_030_f64,plan_plan,8,23251,5
gemm_batched_030_f64,plan_exec,8,2922429,5
gemm_batched_030_f64,packed_plan,8,21911,5
gemm_batched_030_f64,packed_exec,8,2887748,5
gemm_batched_031_f64,plan_plan,8,810,5
gemm_batched_031_f64,plan_exec,8,3476780,5
gemm_batched_031_f64,packed_plan,8,23821,5
gemm_batched_031_f64,packed_exec,8,5079741,5
gemm_batched_032_f64,plan_plan,8,7070,5
gemm_batched_032_f64,plan_exec,8,718867,5
gemm_batched_032_f64,packed_plan,8,6060,5
gemm_batched_032_f64,packed_exec,8,671506,5
gemm_batched_033_f64,plan_plan,8,900,5
gemm_batched_033_f64,plan_exec,8,400,5
gemm_batched_033_f64,packed_plan,8,2730,5
gemm_batched_033_f64,packed_exec,8,470,5
gemm_batched_034_f64,plan_plan,8,760,5
gemm_batched_034_f64,plan_exec,8,230,5
gemm_batched_034_f64,packed_plan,8,2750,5
gemm_batched_034_f64,packed_exec,8,480,5
gemm_batched_035_f64,plan_plan,8,750,5
gemm_batched_035_f64,plan_exec,8,230,5
gemm_batched_035_f64,packed_plan,8,2760,5
gemm_batched_035_f64,packed_exec,8,470,5
gemm_batched_036_f64,plan_plan,8,930,5
gemm_batched_036_f64,plan_exec,8,237509,5
gemm_batched_036_f64,packed_plan,8,14330,5
gemm_batched_036_f64,packed_exec,8,493168,5
gemm_batched_037_f64,plan_plan,8,960,5
gemm_batched_037_f64,plan_exec,8,267348,5
gemm_batched_037_f64,packed_plan,8,16651,5
gemm_batched_037_f64,packed_exec,8,384591,5
gemm_batched_038_f64,plan_plan,8,1720,5
gemm_batched_038_f64,plan_exec,8,490,5
gemm_batched_038_f64,packed_plan,8,4500,5
gemm_batched_038_f64,packed_exec,8,680,5
gemm_batched_039_f64,plan_plan,8,1890,5
gemm_batched_039_f64,plan_exec,8,7560,5
gemm_batched_039_f64,packed_plan,8,8231,5
gemm_batched_039_f64,packed_exec,8,11061,5
gemm_batched_040_f64,plan_plan,8,2051,5
gemm_batched_040_f64,plan_exec,8,560,5
gemm_batched_040_f64,packed_plan,8,6160,5
gemm_batched_040_f64,packed_exec,8,970,5
gemm_batched_041_f64,plan_plan,8,21740,5
gemm_batched_041_f64,plan_exec,8,246237,5
gemm_batched_041_f64,packed_plan,8,32591,5
gemm_batched_041_f64,packed_exec,8,241607,5
gemm_batched_042_f64,plan_plan,8,27031,5
gemm_batched_042_f64,plan_exec,8,323469,5
gemm_batched_042_f64,packed_plan,8,22951,5
gemm_batched_042_f64,packed_exec,8,267618,5
gemm_batched_043_f64,plan_plan,8,24980,5
gemm_batched_043_f64,plan_exec,8,324239,5
gemm_batched_043_f64,packed_plan,8,22860,5
gemm_batched_043_f64,packed_exec,8,318429,5
gemm_batched_044_f64,plan_plan,8,38732,5
gemm_batched_044_f64,plan_exec,8,269488,5
gemm_batched_044_f64,packed_plan,8,37562,5
gemm_batched_044_f64,packed_exec,8,259238,5
gemm_batched_045_f64,plan_plan,8,1920,5
gemm_batched_045_f64,plan_exec,8,1620,5
gemm_batched_045_f64,packed_plan,8,5640,5
gemm_batched_045_f64,packed_exec,8,3470,5
gemm_batched_046_f64,plan_plan,8,1630,5
gemm_batched_046_f64,plan_exec,8,460,5
gemm_batched_046_f64,packed_plan,8,4730,5
gemm_batched_046_f64,packed_exec,8,750,5
gemm_batched_047_f64,plan_plan,8,1240,5
gemm_batched_047_f64,plan_exec,8,390232,5
gemm_batched_047_f64,packed_plan,8,15401,5
gemm_batched_047_f64,packed_exec,8,439793,5
gemm_batched_048_f64,plan_plan,8,1590,5
gemm_batched_048_f64,plan_exec,8,1090,5
gemm_batched_048_f64,packed_plan,8,4950,5
gemm_batched_048_f64,packed_exec,8,2160,5
gemm_batched_049_f64,plan_plan,8,2510,5
gemm_batched_049_f64,plan_exec,8,1160,5
gemm_batched_049_f64,packed_plan,8,6541,5
gemm_batched_049_f64,packed_exec,8,1880,5
gemm_batched_050_f64,plan_plan,8,1340,5
gemm_batched_050_f64,plan_exec,8,5780,5
gemm_batched_050_f64,packed_plan,8,6600,5
gemm_batched_050_f64,packed_exec,8,8640,5
gemm_batched_051_f64,plan_plan,8,1050,5
gemm_batched_051_f64,plan_exec,8,31631,5
gemm_batched_051_f64,packed_plan,8,6510,5
gemm_batched_051_f64,packed_exec,8,62902,5
gemm_batched_052_f64,plan_plan,8,1230,5
gemm_batched_052_f64,plan_exec,8,470,5
gemm_batched_052_f64,packed_plan,8,3470,5
gemm_batched_052_f64,packed_exec,8,520,5
